sep=,
"Time","200 OK total"
2026-06-23 11:34:16,638 K
2026-06-23 11:34:17,638 K
2026-06-23 11:34:17,638 K
2026-06-23 11:34:18,638 K
2026-06-23 11:34:18,638 K
2026-06-23 11:34:19,638 K
2026-06-23 11:34:19,638 K
2026-06-23 11:34:20,638 K
2026-06-23 11:34:20,638 K
2026-06-23 11:34:21,638 K
2026-06-23 11:34:35,9
2026-06-23 11:34:36,25
2026-06-23 11:34:36,51
2026-06-23 11:34:37,81
2026-06-23 11:34:37,119
2026-06-23 11:34:38,159
2026-06-23 11:34:38,208
2026-06-23 11:34:39,253
2026-06-23 11:34:39,314
2026-06-23 11:34:40,382
2026-06-23 11:34:40,445
2026-06-23 11:34:41,522
2026-06-23 11:34:41,593
2026-06-23 11:34:42,660
2026-06-23 11:34:42,742
2026-06-23 11:34:43,828
2026-06-23 11:34:43,899
2026-06-23 11:34:44,996
2026-06-23 11:34:44,1.10 K
2026-06-23 11:34:45,1.22 K
2026-06-23 11:34:45,1.33 K
2026-06-23 11:34:46,1.42 K
2026-06-23 11:34:46,1.51 K
2026-06-23 11:34:47,1.69 K
2026-06-23 11:34:48,1.81 K
2026-06-23 11:34:48,1.93 K
2026-06-23 11:34:49,2.05 K
2026-06-23 11:34:49,2.17 K
2026-06-23 11:34:50,2.30 K
2026-06-23 11:34:50,2.42 K
2026-06-23 11:34:51,2.57 K
2026-06-23 11:34:51,2.68 K
2026-06-23 11:34:52,2.79 K
2026-06-23 11:34:52,2.97 K
2026-06-23 11:34:53,3.09 K
2026-06-23 11:34:53,3.25 K
2026-06-23 11:34:54,3.40 K
2026-06-23 11:34:54,3.63 K
2026-06-23 11:34:55,3.79 K
2026-06-23 11:34:55,3.96 K
2026-06-23 11:34:56,4.13 K
2026-06-23 11:34:57,4.40 K
2026-06-23 11:34:57,4.54 K
2026-06-23 11:34:58,4.70 K
2026-06-23 11:34:58,4.88 K
2026-06-23 11:34:59,5.06 K
2026-06-23 11:34:59,5.28 K
2026-06-23 11:35:00,5.50 K
2026-06-23 11:35:00,5.73 K
2026-06-23 11:35:01,6.02 K
2026-06-23 11:35:01,6.28 K
2026-06-23 11:35:02,6.67 K
2026-06-23 11:35:03,6.98 K
2026-06-23 11:35:03,7.26 K
2026-06-23 11:35:04,7.56 K
2026-06-23 11:35:04,7.90 K
2026-06-23 11:35:05,8.19 K
2026-06-23 11:35:05,8.42 K
2026-06-23 11:35:06,8.67 K
2026-06-23 11:35:06,9.00 K
2026-06-23 11:35:07,9.26 K
2026-06-23 11:35:07,9.56 K
2026-06-23 11:35:08,9.97 K
2026-06-23 11:35:08,10.4 K
2026-06-23 11:35:09,10.8 K
2026-06-23 11:35:09,11.2 K
2026-06-23 11:35:10,11.6 K
2026-06-23 11:35:10,12.0 K
2026-06-23 11:35:11,12.5 K
2026-06-23 11:35:11,13.0 K
2026-06-23 11:35:12,13.4 K
2026-06-23 11:35:12,13.9 K
2026-06-23 11:35:13,14.4 K
2026-06-23 11:35:13,15.0 K
2026-06-23 11:35:14,15.5 K
2026-06-23 11:35:14,15.9 K
2026-06-23 11:35:15,16.6 K
2026-06-23 11:35:15,17.1 K
2026-06-23 11:35:16,17.7 K
2026-06-23 11:35:16,18.3 K
2026-06-23 11:35:17,18.8 K
2026-06-23 11:35:17,19.3 K
2026-06-23 11:35:18,19.8 K
2026-06-23 11:35:18,20.3 K
2026-06-23 11:35:19,20.8 K
2026-06-23 11:35:19,21.5 K
2026-06-23 11:35:20,21.9 K
2026-06-23 11:35:20,22.3 K
2026-06-23 11:35:21,22.9 K
2026-06-23 11:35:21,23.6 K
2026-06-23 11:35:22,24.2 K
2026-06-23 11:35:22,24.7 K
2026-06-23 11:35:23,25.5 K
2026-06-23 11:35:23,26.2 K
2026-06-23 11:35:24,26.9 K
2026-06-23 11:35:24,27.7 K
2026-06-23 11:35:25,28.5 K
2026-06-23 11:35:25,29.3 K
2026-06-23 11:35:26,30.1 K
2026-06-23 11:35:26,30.8 K
2026-06-23 11:35:27,31.5 K
2026-06-23 11:35:27,32.1 K
2026-06-23 11:35:28,32.9 K
2026-06-23 11:35:28,33.6 K
2026-06-23 11:35:29,34.1 K
2026-06-23 11:35:29,35.0 K
2026-06-23 11:35:30,35.7 K
2026-06-23 11:35:30,36.4 K
2026-06-23 11:35:31,37.3 K
2026-06-23 11:35:31,38.0 K
2026-06-23 11:35:32,38.7 K
2026-06-23 11:35:32,39.4 K
2026-06-23 11:35:33,40.3 K
2026-06-23 11:35:33,41.1 K
2026-06-23 11:35:34,41.9 K
2026-06-23 11:35:34,42.7 K
2026-06-23 11:35:35,43.5 K
2026-06-23 11:35:35,44.3 K
2026-06-23 11:35:36,45.0 K
2026-06-23 11:35:36,45.8 K
2026-06-23 11:35:37,46.5 K
2026-06-23 11:35:37,47.1 K
2026-06-23 11:35:38,47.9 K
2026-06-23 11:35:38,48.8 K
2026-06-23 11:35:39,49.4 K
2026-06-23 11:35:39,50.2 K
2026-06-23 11:35:40,51.1 K
2026-06-23 11:35:40,52.0 K
2026-06-23 11:35:41,52.8 K
2026-06-23 11:35:41,53.6 K
2026-06-23 11:35:42,54.3 K
2026-06-23 11:35:42,55.0 K
2026-06-23 11:35:43,55.8 K
2026-06-23 11:35:43,56.7 K
2026-06-23 11:35:44,57.5 K
2026-06-23 11:35:44,58.3 K
2026-06-23 11:35:45,59.2 K
2026-06-23 11:35:45,60.0 K
2026-06-23 11:35:46,60.9 K
2026-06-23 11:35:46,61.7 K
2026-06-23 11:35:47,62.4 K
2026-06-23 11:35:47,63.0 K
2026-06-23 11:35:48,63.9 K
2026-06-23 11:35:48,64.8 K
2026-06-23 11:35:49,65.5 K
2026-06-23 11:35:49,66.3 K
2026-06-23 11:35:50,67.2 K
2026-06-23 11:35:50,68.1 K
2026-06-23 11:35:51,68.9 K
2026-06-23 11:35:51,69.7 K
2026-06-23 11:35:52,70.4 K
2026-06-23 11:35:52,71.1 K
2026-06-23 11:35:53,72.0 K
2026-06-23 11:35:53,72.8 K
2026-06-23 11:35:54,73.6 K
2026-06-23 11:35:54,74.3 K
2026-06-23 11:35:55,75.2 K
2026-06-23 11:35:55,76.1 K
2026-06-23 11:35:56,76.9 K
2026-06-23 11:35:56,77.7 K
2026-06-23 11:35:57,78.4 K
2026-06-23 11:35:57,79.0 K
2026-06-23 11:35:58,79.8 K
2026-06-23 11:35:58,80.7 K
2026-06-23 11:35:59,81.5 K
2026-06-23 11:35:59,82.4 K
2026-06-23 11:36:00,83.3 K
2026-06-23 11:36:00,84.1 K
2026-06-23 11:36:01,85.0 K
2026-06-23 11:36:01,85.8 K
2026-06-23 11:36:02,86.5 K
2026-06-23 11:36:02,87.2 K
2026-06-23 11:36:03,88.0 K
2026-06-23 11:36:03,88.9 K
2026-06-23 11:36:04,89.7 K
2026-06-23 11:36:04,90.5 K
2026-06-23 11:36:05,91.4 K
2026-06-23 11:36:05,92.3 K
2026-06-23 11:36:06,93.2 K
2026-06-23 11:36:06,94.0 K
2026-06-23 11:36:07,94.7 K
2026-06-23 11:36:07,95.4 K
2026-06-23 11:36:08,96.2 K
2026-06-23 11:36:08,97.1 K
2026-06-23 11:36:09,97.9 K
2026-06-23 11:36:09,98.7 K
2026-06-23 11:36:10,99.6 K
2026-06-23 11:36:10,100 K
2026-06-23 11:36:11,101 K
2026-06-23 11:36:11,102 K
2026-06-23 11:36:12,103 K
2026-06-23 11:36:12,103 K
2026-06-23 11:36:13,104 K
2026-06-23 11:36:13,105 K
2026-06-23 11:36:14,106 K
2026-06-23 11:36:14,107 K
2026-06-23 11:36:15,108 K
2026-06-23 11:36:15,108 K
2026-06-23 11:36:16,109 K
2026-06-23 11:36:16,110 K
2026-06-23 11:36:17,111 K
2026-06-23 11:36:17,111 K
2026-06-23 11:36:18,112 K
2026-06-23 11:36:18,113 K
2026-06-23 11:36:19,114 K
2026-06-23 11:36:19,115 K
2026-06-23 11:36:20,116 K
2026-06-23 11:36:20,117 K
2026-06-23 11:36:21,117 K
2026-06-23 11:36:21,118 K
2026-06-23 11:36:22,119 K
2026-06-23 11:36:22,120 K
2026-06-23 11:36:23,120 K
2026-06-23 11:36:23,121 K
2026-06-23 11:36:24,122 K
2026-06-23 11:36:24,123 K
2026-06-23 11:36:25,124 K
2026-06-23 11:36:25,125 K
2026-06-23 11:36:26,126 K
2026-06-23 11:36:26,126 K
2026-06-23 11:36:27,127 K
2026-06-23 11:36:27,128 K
2026-06-23 11:36:28,129 K
2026-06-23 11:36:28,130 K
2026-06-23 11:36:29,130 K
2026-06-23 11:36:29,131 K
2026-06-23 11:36:30,132 K
2026-06-23 11:36:30,133 K
2026-06-23 11:36:31,134 K
2026-06-23 11:36:31,135 K
2026-06-23 11:36:32,135 K
2026-06-23 11:36:32,136 K
2026-06-23 11:36:33,137 K
2026-06-23 11:36:33,138 K
2026-06-23 11:36:34,139 K
2026-06-23 11:36:34,139 K
2026-06-23 11:36:35,140 K
2026-06-23 11:36:35,141 K
2026-06-23 11:36:36,142 K
2026-06-23 11:36:36,143 K
2026-06-23 11:36:37,143 K
2026-06-23 11:36:37,144 K
2026-06-23 11:36:38,145 K
2026-06-23 11:36:38,146 K
2026-06-23 11:36:39,147 K
2026-06-23 11:36:39,148 K
2026-06-23 11:36:40,148 K
2026-06-23 11:36:40,149 K
2026-06-23 11:36:41,150 K
2026-06-23 11:36:41,151 K
2026-06-23 11:36:42,152 K
2026-06-23 11:36:42,152 K
2026-06-23 11:36:43,153 K
2026-06-23 11:36:43,154 K
2026-06-23 11:36:44,155 K
2026-06-23 11:36:44,156 K
2026-06-23 11:36:45,157 K
2026-06-23 11:36:45,157 K
2026-06-23 11:36:46,158 K
2026-06-23 11:36:46,159 K
2026-06-23 11:36:47,160 K
2026-06-23 11:36:47,161 K
2026-06-23 11:36:48,161 K
2026-06-23 11:36:48,162 K
2026-06-23 11:36:49,163 K
2026-06-23 11:36:49,164 K
2026-06-23 11:36:50,165 K
2026-06-23 11:36:50,166 K
2026-06-23 11:36:51,167 K
2026-06-23 11:36:51,167 K
2026-06-23 11:36:52,168 K
2026-06-23 11:36:52,169 K
2026-06-23 11:36:53,170 K
2026-06-23 11:36:53,171 K
2026-06-23 11:36:54,171 K
2026-06-23 11:36:54,172 K
2026-06-23 11:36:55,173 K
2026-06-23 11:36:55,174 K
2026-06-23 11:36:56,175 K
2026-06-23 11:36:56,176 K
2026-06-23 11:36:57,176 K
2026-06-23 11:36:57,177 K
2026-06-23 11:36:58,178 K
2026-06-23 11:36:58,179 K
2026-06-23 11:36:59,180 K
2026-06-23 11:36:59,180 K
2026-06-23 11:37:00,181 K
2026-06-23 11:37:00,182 K
2026-06-23 11:37:01,183 K
2026-06-23 11:37:01,184 K
2026-06-23 11:37:02,184 K
2026-06-23 11:37:02,185 K
2026-06-23 11:37:03,186 K
2026-06-23 11:37:03,187 K
2026-06-23 11:37:04,187 K
2026-06-23 11:37:04,188 K
2026-06-23 11:37:05,189 K
2026-06-23 11:37:05,190 K
2026-06-23 11:37:06,191 K
2026-06-23 11:37:06,192 K
2026-06-23 11:37:07,192 K
2026-06-23 11:37:07,193 K
2026-06-23 11:37:08,194 K
2026-06-23 11:37:08,195 K
2026-06-23 11:37:09,196 K
2026-06-23 11:37:09,196 K
2026-06-23 11:37:10,197 K
2026-06-23 11:37:10,198 K
2026-06-23 11:37:11,199 K
2026-06-23 11:37:11,200 K
2026-06-23 11:37:12,201 K
2026-06-23 11:37:12,201 K
2026-06-23 11:37:13,202 K
2026-06-23 11:37:13,203 K
2026-06-23 11:37:14,204 K
2026-06-23 11:37:14,205 K
2026-06-23 11:37:15,206 K
2026-06-23 11:37:15,206 K
2026-06-23 11:37:16,207 K
2026-06-23 11:37:16,208 K
2026-06-23 11:37:17,209 K
2026-06-23 11:37:17,209 K
2026-06-23 11:37:18,210 K
2026-06-23 11:37:18,211 K
2026-06-23 11:37:19,212 K
2026-06-23 11:37:19,213 K
2026-06-23 11:37:20,214 K
2026-06-23 11:37:20,215 K
2026-06-23 11:37:21,215 K
2026-06-23 11:37:21,216 K
2026-06-23 11:37:22,217 K
2026-06-23 11:37:22,218 K
2026-06-23 11:37:23,218 K
2026-06-23 11:37:23,219 K
2026-06-23 11:37:24,221 K
2026-06-23 11:37:25,222 K
2026-06-23 11:37:25,223 K
2026-06-23 11:37:26,223 K
2026-06-23 11:37:26,224 K
2026-06-23 11:37:27,225 K
2026-06-23 11:37:27,226 K
2026-06-23 11:37:28,226 K
2026-06-23 11:37:28,227 K
2026-06-23 11:37:29,228 K
2026-06-23 11:37:29,229 K
2026-06-23 11:37:30,230 K
2026-06-23 11:37:30,231 K
2026-06-23 11:37:31,232 K
2026-06-23 11:37:31,232 K
2026-06-23 11:37:32,233 K
2026-06-23 11:37:32,234 K
2026-06-23 11:37:33,235 K
2026-06-23 11:37:33,236 K
2026-06-23 11:37:34,236 K
2026-06-23 11:37:34,237 K
2026-06-23 11:37:35,238 K
2026-06-23 11:37:36,240 K
2026-06-23 11:37:36,240 K
2026-06-23 11:37:37,241 K
2026-06-23 11:37:37,242 K
2026-06-23 11:37:38,243 K
2026-06-23 11:37:38,244 K
2026-06-23 11:37:39,245 K
2026-06-23 11:37:40,246 K
2026-06-23 11:37:40,247 K
2026-06-23 11:37:41,248 K
2026-06-23 11:37:41,249 K
2026-06-23 11:37:42,249 K
2026-06-23 11:37:42,250 K
2026-06-23 11:37:43,251 K
2026-06-23 11:37:43,252 K
2026-06-23 11:37:44,253 K
2026-06-23 11:37:44,253 K
2026-06-23 11:37:45,254 K
2026-06-23 11:37:45,255 K
2026-06-23 11:37:46,256 K
2026-06-23 11:37:46,257 K
2026-06-23 11:37:47,257 K
2026-06-23 11:37:47,258 K
2026-06-23 11:37:48,259 K
2026-06-23 11:37:48,260 K
2026-06-23 11:37:49,261 K
2026-06-23 11:37:49,262 K
2026-06-23 11:37:50,262 K
2026-06-23 11:37:50,263 K
2026-06-23 11:37:51,264 K
2026-06-23 11:37:51,265 K
2026-06-23 11:37:52,266 K
2026-06-23 11:37:52,266 K
2026-06-23 11:37:53,267 K
2026-06-23 11:37:53,268 K
2026-06-23 11:37:54,269 K
2026-06-23 11:37:54,270 K
2026-06-23 11:37:55,271 K
2026-06-23 11:37:55,271 K
2026-06-23 11:37:56,272 K
2026-06-23 11:37:56,273 K
2026-06-23 11:37:57,274 K
2026-06-23 11:37:57,274 K
2026-06-23 11:37:58,275 K
2026-06-23 11:37:58,276 K
2026-06-23 11:37:59,277 K
2026-06-23 11:37:59,278 K
2026-06-23 11:38:00,279 K
2026-06-23 11:38:00,280 K
2026-06-23 11:38:01,280 K
2026-06-23 11:38:01,281 K
2026-06-23 11:38:02,282 K
2026-06-23 11:38:02,283 K
2026-06-23 11:38:03,283 K
2026-06-23 11:38:03,284 K
2026-06-23 11:38:04,286 K
2026-06-23 11:38:05,287 K
2026-06-23 11:38:05,288 K
2026-06-23 11:38:06,289 K
2026-06-23 11:38:06,289 K
2026-06-23 11:38:07,290 K
2026-06-23 11:38:07,291 K
2026-06-23 11:38:08,291 K
2026-06-23 11:38:08,292 K
2026-06-23 11:38:09,294 K
2026-06-23 11:38:10,295 K
2026-06-23 11:38:10,295 K
2026-06-23 11:38:11,296 K
2026-06-23 11:38:11,297 K
2026-06-23 11:38:12,298 K
2026-06-23 11:38:12,298 K
2026-06-23 11:38:13,299 K
2026-06-23 11:38:13,300 K
2026-06-23 11:38:14,301 K
2026-06-23 11:38:14,302 K
2026-06-23 11:38:15,303 K
2026-06-23 11:38:15,304 K
2026-06-23 11:38:16,305 K
2026-06-23 11:38:16,305 K
2026-06-23 11:38:17,307 K
2026-06-23 11:38:18,308 K
2026-06-23 11:38:18,308 K
2026-06-23 11:38:19,309 K
2026-06-23 11:38:19,310 K
2026-06-23 11:38:20,311 K
2026-06-23 11:38:20,312 K
2026-06-23 11:38:21,313 K
2026-06-23 11:38:21,313 K
2026-06-23 11:38:22,314 K
2026-06-23 11:38:22,315 K
2026-06-23 11:38:23,316 K
2026-06-23 11:38:23,317 K
2026-06-23 11:38:24,317 K
2026-06-23 11:38:24,318 K
2026-06-23 11:38:25,319 K
2026-06-23 11:38:25,320 K
2026-06-23 11:38:26,321 K
2026-06-23 11:38:26,322 K
2026-06-23 11:38:27,323 K
2026-06-23 11:38:28,324 K
2026-06-23 11:38:28,325 K
2026-06-23 11:38:29,326 K
2026-06-23 11:38:29,326 K
2026-06-23 11:38:30,327 K
2026-06-23 11:38:30,328 K
2026-06-23 11:38:31,329 K
2026-06-23 11:38:32,331 K
2026-06-23 11:38:32,331 K
2026-06-23 11:38:33,332 K
2026-06-23 11:38:33,333 K
2026-06-23 11:38:34,334 K
2026-06-23 11:38:34,335 K
2026-06-23 11:38:35,336 K
2026-06-23 11:38:35,336 K
2026-06-23 11:38:36,337 K
2026-06-23 11:38:36,338 K
2026-06-23 11:38:37,339 K
2026-06-23 11:38:38,340 K
2026-06-23 11:38:38,341 K
2026-06-23 11:38:39,342 K
2026-06-23 11:38:39,343 K
2026-06-23 11:38:40,343 K
2026-06-23 11:38:41,345 K
2026-06-23 11:38:43,348 K
2026-06-23 11:38:43,348 K
2026-06-23 11:38:44,349 K
2026-06-23 11:38:44,350 K
2026-06-23 11:38:45,351 K
2026-06-23 11:38:45,352 K
2026-06-23 11:38:46,352 K
2026-06-23 11:38:46,353 K
2026-06-23 11:38:47,355 K
2026-06-23 11:38:48,355 K
2026-06-23 11:38:48,356 K
2026-06-23 11:38:49,357 K
2026-06-23 11:38:49,358 K
2026-06-23 11:38:50,359 K
2026-06-23 11:38:50,360 K
2026-06-23 11:38:51,361 K
2026-06-23 11:38:53,364 K
2026-06-23 11:38:53,364 K
2026-06-23 11:38:54,366 K
2026-06-23 11:38:55,367 K
2026-06-23 11:38:56,369 K
2026-06-23 11:38:57,371 K
2026-06-23 11:38:58,371 K
2026-06-23 11:38:58,372 K
2026-06-23 11:39:00,375 K
2026-06-23 11:39:03,378 K
2026-06-23 11:39:03,379 K
2026-06-23 11:39:04,380 K
2026-06-23 11:39:04,381 K
2026-06-23 11:39:05,381 K
2026-06-23 11:39:08,385 K
2026-06-23 11:39:10,387 K
2026-06-23 11:39:10,388 K
2026-06-23 11:39:13,391 K
2026-06-23 11:39:13,392 K
2026-06-23 11:39:14,393 K
2026-06-23 11:39:14,393 K
2026-06-23 11:39:15,394 K
2026-06-23 11:39:15,395 K
2026-06-23 11:39:16,396 K
2026-06-23 11:39:17,398 K
2026-06-23 11:39:18,399 K
2026-06-23 11:39:18,400 K
2026-06-23 11:39:19,401 K
2026-06-23 11:39:19,402 K
2026-06-23 11:39:20,402 K
2026-06-23 11:39:20,403 K
2026-06-23 11:39:21,404 K
2026-06-23 11:39:22,406 K
2026-06-23 11:39:23,407 K
2026-06-23 11:39:23,408 K
2026-06-23 11:39:24,409 K
2026-06-23 11:39:24,410 K
2026-06-23 11:39:25,411 K
2026-06-23 11:39:25,412 K
2026-06-23 11:39:26,412 K
2026-06-23 11:39:27,415 K
2026-06-23 11:39:28,415 K
2026-06-23 11:39:28,416 K
2026-06-23 11:39:29,417 K
2026-06-23 11:39:29,418 K
2026-06-23 11:39:30,420 K
2026-06-23 11:39:31,421 K
2026-06-23 11:39:32,423 K
2026-06-23 11:39:33,424 K
2026-06-23 11:39:33,425 K
2026-06-23 11:39:34,425 K
2026-06-23 11:39:35,427 K
2026-06-23 11:39:35,428 K
2026-06-23 11:39:37,431 K
2026-06-23 11:39:38,432 K
2026-06-23 11:39:38,432 K
2026-06-23 11:39:39,434 K
2026-06-23 11:39:40,435 K
2026-06-23 11:39:40,436 K
2026-06-23 11:39:41,437 K
2026-06-23 11:39:42,439 K
2026-06-23 11:39:43,441 K
2026-06-23 11:39:44,441 K
2026-06-23 11:39:44,442 K
2026-06-23 11:39:45,443 K
2026-06-23 11:39:45,444 K
2026-06-23 11:39:46,445 K
2026-06-23 11:39:47,447 K
2026-06-23 11:39:48,448 K
2026-06-23 11:39:48,449 K
2026-06-23 11:39:49,450 K
2026-06-23 11:39:49,451 K
2026-06-23 11:39:50,451 K
2026-06-23 11:39:50,452 K
2026-06-23 11:39:54,458 K
2026-06-23 11:39:54,459 K
2026-06-23 11:39:55,460 K
2026-06-23 11:40:34,523 K
2026-06-23 11:41:35,620 K
2026-06-23 11:41:35,620 K
2026-06-23 11:41:36,620 K
2026-06-23 11:41:36,620 K
2026-06-23 11:41:37,620 K
2026-06-23 11:41:37,620 K
2026-06-23 11:41:38,620 K
2026-06-23 11:41:38,620 K
2026-06-23 11:41:39,620 K
2026-06-23 11:41:39,620 K
2026-06-23 11:41:40,620 K
2026-06-23 11:41:40,620 K
2026-06-23 11:41:41,620 K
2026-06-23 11:41:41,620 K
2026-06-23 11:41:42,620 K
2026-06-23 11:41:42,620 K
2026-06-23 11:41:43,620 K